Id,Time,ADMM_IT,X_real,X_imag,Nu_real,Nu_imag,Z_real,Z_imag,P,Q
0,1503578626.4,1.0000,1.0000,0.0000,38.4470,-131.0358,0.8462,0.5241,-0.0000,4.7058
0,1503578629.5,2.0000,1.0000,0.0000,50.5115,-165.9457,0.9517,0.1396,-0.0000,5.6275
0,1503578636.111,3.0000,1.0000,0.0000,41.7759,-119.1630,1.0349,-0.1871,0.0000,5.8762
0,1503578643.005,4.0000,1.0000,0.0000,41.4352,-43.8106,1.0014,-0.3014,-0.0000,5.9245
0,1503578643.287,5.0000,1.0000,0.0000,39.6065,28.1531,1.0073,-0.2879,0.0000,5.5133
0,1503578643.65,6.0000,1.0000,0.0000,30.3798,77.3765,1.0369,-0.1969,0.0000,5.0882
0,1503578644.147,7.0000,1.0000,0.0000,17.2503,96.5896,1.0525,-0.0769,-0.0000,5.0591
0,1503578654.539,8.0000,1.0000,0.0000,5.4335,89.9975,1.0473,0.0264,0.0000,3.6381
0,1503578654.884,9.0000,1.0000,0.0000,-2.5094,65.6710,1.0318,0.0973,0.0000,2.1961
0,1503578655.361,10.0000,1.0000,0.0000,-7.3601,33.6812,1.0194,0.1280,0.0000,2.3120
0,1503578655.934,11.0000,1.0000,0.0000,-9.5835,4.4233,1.0089,0.1170,-0.0000,2.9262
0,1503578656.395,12.0000,1.0000,0.0000,-9.1333,-16.0612,0.9982,0.0819,-0.0000,3.5063
0,1503578656.831,13.0000,1.0000,0.0000,-6.3306,-26.7927,0.9888,0.0429,0.0000,3.7401
0,1503578657.35,14.0000,1.0000,0.0000,-2.3695,-30.0914,0.9842,0.0132,1.7714,3.5367
0,1503578657.952,15.0000,1.0000,0.0000,1.5648,-28.0074,0.9843,-0.0083,3.3164,3.2062
0,1503578658.428,16.0000,1.0000,0.0000,4.3695,-22.4290,0.9888,-0.0223,3.7148,2.7600
0,1503578658.952,17.0000,1.0000,0.0000,5.3097,-15.7472,0.9962,-0.0267,3.3562,2.3935
0,1503578659.421,18.0000,1.0000,0.0000,4.2771,-10.3261,1.0041,-0.0217,2.5971,2.1491
0,1503578659.916,19.0000,1.0000,0.0000,1.7440,-7.8263,1.0101,-0.0100,1.6600,2.0217
0,1503578660.439,20.0000,1.0000,0.0000,-1.5491,-8.9431,1.0132,0.0045,0.6786,1.9897
0,1503578660.848,21.0000,1.0000,0.0000,-4.8972,-13.5229,1.0134,0.0183,-0.0000,2.0259
0,1503578661.289,22.0000,1.0000,0.0000,-7.7738,-20.6512,1.0115,0.0285,0.0000,2.1038
0,1503578661.738,23.0000,1.0000,0.0000,-9.8222,-28.7253,1.0082,0.0323,0.0000,2.1882
0,1503578662.327,24.0000,1.0000,0.0000,-11.0139,-36.4198,1.0048,0.0308,-0.0000,2.2492
0,1503578662.939,25.0000,1.0000,0.0000,-11.4616,-42.5637,1.0018,0.0246,-0.0000,2.2981
0,1503578663.579,26.0000,1.0000,0.0000,-11.3733,-46.4891,0.9996,0.0157,0.0000,2.3271
0,1503578664.113,27.0000,1.0000,0.0000,-11.0795,-48.5766,0.9988,0.0084,0.0000,2.3215
0,1503578664.674,28.0000,1.0000,0.0000,-10.8834,-49.8093,0.9992,0.0049,0.7690,2.2939
0,1503578665.226,29.0000,1.0000,0.0000,-10.8042,-50.4683,0.9997,0.0026,1.3884,2.2458
0,1503578665.824,30.0000,1.0000,0.0000,-10.7267,-50.2958,0.9997,-0.0007,1.8032,2.1980
0,1503578666.45,31.0000,1.0000,0.0000,-10.5673,-49.1107,0.9994,-0.0047,2.0667,2.1617
0,1503578667.028,32.0000,1.0000,0.0000,-10.3203,-47.0834,0.9990,-0.0081,2.1935,2.1456
0,1503578667.631,33.0000,1.0000,0.0000,-10.0216,-44.6643,0.9988,-0.0097,2.2164,2.1441
0,1503578668.249,34.0000,1.0000,0.0000,-9.7225,-42.3763,0.9988,-0.0092,2.1621,2.1521
0,1503578668.81,35.0000,1.0000,0.0000,-9.4684,-40.6348,0.9990,-0.0070,2.0503,2.1620
0,1503578669.305,36.0000,1.0000,0.0000,-9.2957,-39.6655,0.9993,-0.0039,1.9029,2.1698
0,1503578669.94,37.0000,1.0000,0.0000,-9.2262,-39.5045,0.9997,-0.0006,1.7459,2.1722
0,1503578670.475,38.0000,1.0000,0.0000,-9.2640,-40.0382,1.0002,0.0021,1.6066,2.1676
0,1503578670.975,39.0000,1.0000,0.0000,-9.4034,-41.0589,1.0006,0.0041,1.5074,2.1573
0,1503578671.579,40.0000,1.0000,0.0000,-9.6197,-42.3165,1.0009,0.0050,1.4607,2.1423
0,1503578672.154,41.0000,1.0000,0.0000,-9.8756,-43.5636,1.0010,0.0050,1.4674,2.1255
0,1503578672.657,42.0000,1.0000,0.0000,-10.1288,-44.5946,1.0010,0.0041,1.5186,2.1092
0,1503578673.302,43.0000,1.0000,0.0000,-10.3404,-45.2726,1.0008,0.0027,1.5991,2.0951
0,1503578673.883,44.0000,1.0000,0.0000,-10.4802,-45.5423,1.0006,0.0011,1.6917,2.0863
0,1503578674.428,45.0000,1.0000,0.0000,-10.5354,-45.4257,1.0002,-0.0005,1.7794,2.0819
0,1503578674.994,46.0000,1.0000,0.0000,-10.5070,-45.0069,0.9999,-0.0017,1.8498,2.0813
0,1503578675.489,47.0000,1.0000,0.0000,-10.4113,-44.4077,0.9996,-0.0024,1.8945,2.0842
0,1503578675.984,48.0000,1.0000,0.0000,-10.2768,-43.7596,0.9995,-0.0026,1.9114,2.0851
0,1503578676.541,49.0000,1.0000,0.0000,-10.1256,-43.1803,0.9994,-0.0023,1.9039,2.0885
0,1503578677.186,50.0000,1.0000,0.0000,-9.9859,-42.7556,0.9994,-0.0017,1.8775,2.0883
0,1503578677.732,51.0000,1.0000,0.0000,-9.8806,-42.5312,0.9996,-0.0009,1.8413,2.0857
0,1503578678.401,52.0000,1.0000,0.0000,-9.8221,-42.5106,0.9998,-0.0001,1.8034,2.0790
0,1503578679.027,53.0000,1.0000,0.0000,-9.8160,-42.6621,1.0000,0.0006,1.7715,2.0699
0,1503578679.62,54.0000,1.0000,0.0000,-9.8550,-42.9314,1.0002,0.0011,1.7508,2.0588
0,1503578680.207,55.0000,1.0000,0.0000,-9.9287,-43.2532,1.0003,0.0013,1.7433,2.0471
0,1503578680.825,56.0000,1.0000,0.0000,-10.0209,-43.5650,1.0004,0.0012,1.7492,2.0360
0,1503578681.438,57.0000,1.0000,0.0000,-10.1161,-43.8168,1.0004,0.0010,1.7659,2.0263
0,1503578682.037,58.0000,1.0000,0.0000,-10.2013,-43.9777,1.0003,0.0006,1.7896,2.0187
0,1503578682.612,59.0000,1.0000,0.0000,-10.2662,-44.0369,1.0003,0.0002,1.8161,2.0130
0,1503578683.2,60.0000,1.0000,0.0000,-10.3030,-44.0026,1.0001,-0.0001,1.8412,2.0091
0,1503578683.784,61.0000,1.0000,0.0000,-10.3116,-43.8978,1.0000,-0.0004,1.8620,2.0069
0,1503578684.337,62.0000,1.0000,0.0000,-10.2999,-43.7525,1.0000,-0.0006,1.8766,2.0056
0,1503578684.895,63.0000,1.0000,0.0000,-10.2696,-43.5982,0.9999,-0.0006,1.8844,2.0041
0,1503578685.432,64.0000,1.0000,0.0000,-10.2305,-43.4623,0.9998,-0.0005,1.8862,2.0025
0,1503578685.968,65.0000,1.0000,0.0000,-10.1920,-43.3645,0.9998,-0.0004,1.8835,1.9996
0,1503578686.543,66.0000,1.0000,0.0000,-10.1583,-43.3139,0.9999,-0.0002,1.8784,1.9958
0,1503578687.135,67.0000,1.0000,0.0000,-10.1357,-43.3110,0.9999,-0.0000,1.8728,1.9905
0,1503578687.761,68.0000,1.0000,0.0000,-10.1278,-43.3485,1.0000,0.0001,1.8686,1.9845
0,1503578688.368,69.0000,1.0000,0.0000,-10.1338,-43.4132,1.0000,0.0003,1.8669,1.9776
0,1503578689.129,70.0000,1.0000,0.0000,-10.1511,-43.4902,1.0001,0.0003,1.8682,1.9695
0,1503578689.711,71.0000,1.0000,0.0000,-10.1774,-43.5653,1.0001,0.0003,1.8729,1.9636
0,1503578690.224,72.0000,1.0000,0.0000,-10.2085,-43.6262,1.0001,0.0002,1.8796,1.9559
0,1503578690.808,73.0000,1.0000,0.0000,-10.2409,-43.6658,1.0001,0.0002,1.8886,1.9509
0,1503578691.242,74.0000,1.0000,0.0000,-10.2701,-43.6817,1.0001,0.0001,1.8981,1.9455
0,1503578691.752,75.0000,1.0000,0.0000,-10.2922,-43.6761,1.0001,-0.0000,1.9069,1.9398
0,1503578692.336,76.0000,1.0000,0.0000,-10.3067,-43.6540,1.0001,-0.0001,1.9156,1.9374
0,1503578692.897,77.0000,1.0000,0.0000,-10.3127,-43.6218,1.0000,-0.0001,1.9225,1.9344
0,1503578693.443,78.0000,1.0000,0.0000,-10.3109,-43.5869,1.0000,-0.0001,1.9278,1.9314
0,1503578694.077,79.0000,1.0000,0.0000,-10.3035,-43.5559,1.0000,-0.0001,1.9316,1.9280
0,1503578694.657,80.0000,1.0000,0.0000,-10.2952,-43.5334,1.0000,-0.0001,1.9342,1.9244
0,1503578695.268,81.0000,1.0000,0.0000,-10.2866,-43.5220,1.0000,-0.0000,1.9362,1.9202
0,1503578695.854,82.0000,1.0000,0.0000,-10.2808,-43.5217,1.0000,-0.0000,1.9380,1.9160
0,1503578696.445,83.0000,1.0000,0.0000,-10.2788,-43.5310,1.0000,0.0000,1.9400,1.9112
0,1503578697.028,84.0000,1.0000,0.0000,-10.2819,-43.5470,1.0000,0.0001,1.9425,1.9061
0,1503578697.595,85.0000,1.0000,0.0000,-10.2902,-43.5660,1.0000,0.0001,1.9458,1.9012
0,1503578698.126,86.0000,1.0000,0.0000,-10.3017,-43.5841,1.0000,0.0001,1.9497,1.8957
0,1503578698.704,87.0000,1.0000,0.0000,-10.3146,-43.5996,1.0001,0.0001,1.9543,1.8906
0,1503578699.236,88.0000,1.0000,0.0000,-10.3304,-43.6110,1.0001,0.0000,1.9590,1.8857
0,1503578699.786,89.0000,1.0000,0.0000,-10.3439,-43.6170,1.0001,0.0000,1.9640,1.8800
0,1503578700.406,90.0000,1.0000,0.0000,-10.3561,-43.6178,1.0001,0.0000,1.9692,1.8773
0,1503578701.043,91.0000,1.0000,0.0000,-10.3666,-43.6145,1.0000,-0.0000,1.9744,1.8743
0,1503578701.631,92.0000,1.0000,0.0000,-10.3751,-43.6082,1.0000,-0.0000,1.9789,1.8707
0,1503578702.193,93.0000,1.0000,0.0000,-10.3782,-43.6013,1.0000,-0.0000,1.9830,1.8665
0,1503578702.794,94.0000,1.0000,0.0000,-10.3784,-43.5953,1.0000,-0.0000,1.9868,1.8632
0,1503578703.393,95.0000,1.0000,0.0000,-10.3796,-43.5909,1.0000,-0.0000,1.9902,1.8595
0,1503578703.957,96.0000,1.0000,0.0000,-10.3813,-43.5894,1.0000,-0.0000,1.9935,1.8555
0,1503578704.511,97.0000,1.0000,0.0000,-10.3838,-43.5907,1.0000,0.0000,1.9966,1.8513
0,1503578705.014,98.0000,1.0000,0.0000,-10.3874,-43.5935,1.0000,0.0000,1.9997,1.8467
0,1503578705.518,99.0000,1.0000,0.0000,-10.3915,-43.5979,1.0000,0.0000,2.0030,1.8428
0,1503578706.114,100.0000,1.0000,0.0000,-10.4002,-43.6030,1.0000,0.0000,2.0064,1.8382
0,1503578706.663,101.0000,1.0000,0.0000,-10.4051,-43.6085,1.0000,0.0000,2.0099,1.8336
0,1503578707.24,102.0000,1.0000,0.0000,-10.4099,-43.6139,1.0000,0.0000,2.0136,1.8301
0,1503578707.788,103.0000,1.0000,0.0000,-10.4147,-43.6181,1.0000,0.0000,2.0175,1.8266
0,1503578708.27,104.0000,1.0000,0.0000,-10.4217,-43.6213,1.0000,0.0000,2.0214,1.8230
0,1503578708.805,105.0000,1.0000,0.0000,-10.4269,-43.6227,1.0000,0.0000,2.0250,1.8187
0,1503578709.346,106.0000,1.0000,0.0000,-10.4315,-43.6230,1.0000,0.0000,2.0286,1.8152
0,1503578709.911,107.0000,1.0000,0.0000,-10.4362,-43.6227,1.0000,-0.0000,2.0325,1.8118
0,1503578710.359,108.0000,1.0000,0.0000,-10.4427,-43.6221,1.0000,-0.0000,2.0358,1.8076
0,1503578710.831,109.0000,1.0000,0.0000,-10.4495,-43.6214,1.0000,-0.0000,2.0394,1.8045
0,1503578711.442,110.0000,1.0000,0.0000,-10.4562,-43.6213,1.0000,-0.0000,2.0425,1.8000
0,1503578712.01,111.0000,1.0000,0.0000,-10.4618,-43.6218,1.0000,0.0000,2.0460,1.7975
0,1503578712.604,112.0000,1.0000,0.0000,-10.4649,-43.6230,1.0000,0.0000,2.0491,1.7942
0,1503578713.206,113.0000,1.0000,0.0000,-10.4665,-43.6248,1.0000,0.0000,2.0524,1.7910
0,1503578713.828,114.0000,1.0000,0.0000,-10.4679,-43.6268,1.0000,0.0000,2.0556,1.7877
0,1503578714.402,115.0000,1.0000,0.0000,-10.4702,-43.6289,1.0000,0.0000,2.0589,1.7844
0,1503578714.95,116.0000,1.0000,0.0000,-10.4728,-43.6310,1.0000,0.0000,2.0621,1.7808
0,1503578716.06,117.0000,1.0000,0.0000,-10.4768,-43.6330,1.0000,0.0000,2.0652,1.7769
0,1503578716.928,118.0000,1.0000,0.0000,-10.4821,-43.6349,1.0000,0.0000,2.0684,1.7732
0,1503578717.602,119.0000,1.0000,0.0000,-10.4880,-43.6363,1.0000,0.0000,2.0714,1.7694
0,1503578718.147,120.0000,1.0000,0.0000,-10.4952,-43.6377,1.0000,0.0000,2.0749,1.7672
0,1503578718.733,121.0000,1.0000,0.0000,-10.5020,-43.6388,1.0000,0.0000,2.0780,1.7637
0,1503578719.274,122.0000,1.0000,0.0000,-10.5079,-43.6400,1.0000,0.0000,2.0811,1.7605
0,1503578719.822,123.0000,1.0000,0.0000,-10.5123,-43.6408,1.0000,0.0000,2.0841,1.7567
0,1503578720.427,124.0000,1.0000,0.0000,-10.5156,-43.6416,1.0000,0.0000,2.0870,1.7539
0,1503578721.074,125.0000,1.0000,0.0000,-10.5194,-43.6425,1.0000,0.0000,2.0902,1.7508
0,1503578721.587,126.0000,1.0000,0.0000,-10.5227,-43.6436,1.0000,0.0000,2.0925,1.7425
0,1503578722.211,127.0000,1.0000,0.0000,-10.5307,-43.6446,1.0000,0.0000,2.0962,1.7458
0,1503578722.712,128.0000,1.0000,0.0000,-10.5384,-43.6459,1.0000,0.0000,2.0987,1.7399
0,1503578723.296,129.0000,1.0000,0.0000,-10.5452,-43.6474,1.0000,0.0000,2.1020,1.7391
0,1503578723.848,130.0000,1.0000,0.0000,-10.5487,-43.6487,1.0000,0.0000,2.1048,1.7356
0,1503578724.439,131.0000,1.0000,0.0000,-10.5491,-43.6504,1.0000,0.0000,2.1076,1.7321
0,1503578725.022,132.0000,1.0000,0.0000,-10.5488,-43.6520,1.0000,0.0000,2.1106,1.7296
0,1503578725.62,133.0000,1.0000,0.0000,-10.5494,-43.6535,1.0000,0.0000,2.1135,1.7265
0,1503578726.194,134.0000,1.0000,0.0000,-10.5511,-43.6546,1.0000,0.0000,2.1163,1.7235
0,1503578726.727,135.0000,1.0000,0.0000,-10.5556,-43.6557,1.0000,0.0000,2.1190,1.7201
0,1503578727.33,136.0000,1.0000,0.0000,-10.5596,-43.6563,1.0000,0.0000,2.1217,1.7170
0,1503578727.876,137.0000,1.0000,0.0000,-10.5653,-43.6570,1.0000,0.0000,2.1245,1.7140
0,1503578728.35,138.0000,1.0000,0.0000,-10.5696,-43.6577,1.0000,0.0000,2.1272,1.7110
0,1503578728.961,139.0000,1.0000,0.0000,-10.5746,-43.6588,1.0000,0.0000,2.1297,1.7070
0,1503578729.518,140.0000,1.0000,0.0000,-10.5807,-43.6602,1.0000,0.0000,2.1328,1.7061
0,1503578730.068,141.0000,1.0000,0.0000,-10.5870,-43.6615,1.0000,0.0000,2.1353,1.7025
0,1503578730.64,142.0000,1.0000,0.0000,-10.5916,-43.6626,1.0000,0.0000,2.1379,1.7002
0,1503578731.22,143.0000,1.0000,0.0000,-10.5944,-43.6637,1.0000,0.0000,2.1406,1.6976
0,1503578731.73,144.0000,1.0000,0.0000,-10.5969,-43.6646,1.0000,0.0000,2.1431,1.6941
0,1503578732.33,145.0000,1.0000,0.0000,-10.5995,-43.6658,1.0000,0.0000,2.1458,1.6925
0,1503578732.912,146.0000,1.0000,0.0000,-10.6018,-43.6669,1.0000,0.0000,2.1484,1.6896
0,1503578733.464,147.0000,1.0000,0.0000,-10.6049,-43.6680,1.0000,0.0000,2.1510,1.6871
0,1503578734.08,148.0000,1.0000,0.0000,-10.6071,-43.6691,1.0000,0.0000,2.1535,1.6841
0,1503578734.629,149.0000,1.0000,0.0000,-10.6117,-43.6704,1.0000,0.0000,2.1560,1.6817
0,1503578735.135,150.0000,1.0000,0.0000,-10.6145,-43.6713,1.0000,0.0000,2.1583,1.6785
0,1503578735.696,151.0000,1.0000,0.0000,-10.6179,-43.6722,1.0000,0.0000,2.1609,1.6761
0,1503578736.218,152.0000,1.0000,0.0000,-10.6217,-43.6731,1.0000,0.0000,2.1634,1.6736
0,1503578736.775,153.0000,1.0000,0.0000,-10.6254,-43.6740,1.0000,0.0000,2.1659,1.6713
0,1503578737.305,154.0000,1.0000,0.0000,-10.6293,-43.6748,1.0000,0.0000,2.1683,1.6685
0,1503578737.883,155.0000,1.0000,0.0000,-10.6331,-43.6756,1.0000,0.0000,2.1707,1.6666
0,1503578738.434,156.0000,1.0000,0.0000,-10.6372,-43.6761,1.0000,0.0000,2.1730,1.6637
0,1503578738.991,157.0000,1.0000,0.0000,-10.6414,-43.6768,1.0000,0.0000,2.1756,1.6618
0,1503578739.528,158.0000,1.0000,0.0000,-10.6452,-43.6778,1.0000,0.0000,2.1775,1.6577
0,1503578740.098,159.0000,1.0000,0.0000,-10.6491,-43.6788,1.0000,0.0000,2.1802,1.6573
0,1503578740.686,160.0000,1.0000,0.0000,-10.6527,-43.6799,1.0000,0.0000,2.1824,1.6545
0,1503578741.298,161.0000,1.0000,0.0000,-10.6554,-43.6809,1.0000,0.0000,2.1846,1.6522
0,1503578741.878,162.0000,1.0000,0.0000,-10.6572,-43.6819,1.0000,0.0000,2.1870,1.6500
0,1503578742.408,163.0000,1.0000,0.0000,-10.6595,-43.6829,1.0000,0.0000,2.1892,1.6475
0,1503578742.947,164.0000,1.0000,0.0000,-10.6623,-43.6839,1.0000,0.0000,2.1915,1.6452
0,1503578743.532,165.0000,1.0000,0.0000,-10.6663,-43.6856,1.0000,0.0000,2.1936,1.6422
0,1503578744.086,166.0000,1.0000,0.0000,-10.6693,-43.6866,1.0000,0.0000,2.1956,1.6397
0,1503578744.677,167.0000,1.0000,0.0000,-10.6726,-43.6874,1.0000,0.0000,2.1979,1.6379
0,1503578745.224,168.0000,1.0000,0.0000,-10.6758,-43.6883,1.0000,0.0000,2.2001,1.6354
0,1503578745.802,169.0000,1.0000,0.0000,-10.6790,-43.6891,1.0000,0.0000,2.2024,1.6336
0,1503578746.352,170.0000,1.0000,0.0000,-10.6821,-43.6896,1.0000,0.0000,2.2046,1.6313
0,1503578747.05,171.0000,1.0000,0.0000,-10.6850,-43.6902,1.0000,0.0000,2.2066,1.6292
0,1503578747.593,172.0000,1.0000,0.0000,-10.6878,-43.6909,1.0000,0.0000,2.2087,1.6267
0,1503578748.168,173.0000,1.0000,0.0000,-10.6915,-43.6916,1.0000,0.0000,2.2108,1.6250
0,1503578748.682,174.0000,1.0000,0.0000,-10.6945,-43.6923,1.0000,0.0000,2.2129,1.6229
0,1503578749.247,175.0000,1.0000,0.0000,-10.6971,-43.6931,1.0000,0.0000,2.2149,1.6207
0,1503578749.794,176.0000,1.0000,0.0000,-10.7000,-43.6942,1.0000,0.0000,2.2170,1.6188
0,1503578750.342,177.0000,1.0000,0.0000,-10.7028,-43.6952,1.0000,0.0000,2.2190,1.6166
0,1503578750.883,178.0000,1.0000,0.0000,-10.7060,-43.6962,1.0000,0.0000,2.2209,1.6142
0,1503578751.439,179.0000,1.0000,0.0000,-10.7091,-43.6970,1.0000,0.0000,2.2229,1.6119
0,1503578752.002,180.0000,1.0000,0.0000,-10.7123,-43.6978,1.0000,0.0000,2.2249,1.6103
0,1503578752.559,181.0000,1.0000,0.0000,-10.7155,-43.6985,1.0000,0.0000,2.2270,1.6083
0,1503578753.117,182.0000,1.0000,0.0000,-10.7179,-43.6991,1.0000,0.0000,2.2290,1.6064
0,1503578753.667,183.0000,1.0000,0.0000,-10.7200,-43.6997,1.0000,0.0000,2.2308,1.6035
0,1503578754.208,184.0000,1.0000,0.0000,-10.7235,-43.7001,1.0000,0.0000,2.2329,1.6027
0,1503578754.72,185.0000,1.0000,0.0000,-10.7271,-43.7006,1.0000,0.0000,2.2347,1.6006
0,1503578755.226,186.0000,1.0000,0.0000,-10.7300,-43.7010,1.0000,0.0000,2.2366,1.5988
0,1503578755.751,187.0000,1.0000,0.0000,-10.7322,-43.7017,1.0000,0.0000,2.2383,1.5958
0,1503578756.285,188.0000,1.0000,0.0000,-10.7340,-43.7027,1.0000,0.0000,2.2403,1.5948
0,1503578756.824,189.0000,1.0000,0.0000,-10.7359,-43.7035,1.0000,0.0000,2.2421,1.5929
0,1503578757.339,190.0000,1.0000,0.0000,-10.7373,-43.7045,1.0000,0.0000,2.2439,1.5910
0,1503578757.829,191.0000,1.0000,0.0000,-10.7433,-43.7055,1.0000,0.0000,2.2456,1.5887
0,1503578758.4,192.0000,1.0000,0.0000,-10.7474,-43.7063,1.0000,0.0000,2.2473,1.5865
0,1503578758.882,193.0000,1.0000,0.0000,-10.7524,-43.7068,1.0000,0.0000,2.2491,1.5847
0,1503578759.451,194.0000,1.0000,0.0000,-10.7564,-43.7081,1.0000,0.0000,2.2508,1.5822
0,1503578760.02,195.0000,1.0000,0.0000,-10.7570,-43.7092,1.0000,0.0000,2.2524,1.5804
0,1503578760.548,196.0000,1.0000,0.0000,-10.7583,-43.7099,1.0000,0.0000,2.2541,1.5788
0,1503578761.089,197.0000,1.0000,0.0000,-10.7588,-43.7108,1.0000,0.0000,2.2561,1.5774
0,1503578761.68,198.0000,1.0000,0.0000,-10.7594,-43.7115,1.0000,0.0000,2.2578,1.5758
0,1503578762.271,199.0000,1.0000,0.0000,-10.7606,-43.7121,1.0000,0.0000,2.2596,1.5740
0,1503578762.834,200.0000,1.0000,0.0000,-10.7619,-43.7127,1.0000,0.0000,2.2613,1.5718
0,1503578763.368,201.0000,1.0000,0.0000,-10.7627,-43.7134,1.0000,0.0000,2.2629,1.5704
0,1503578763.911,202.0000,1.0000,0.0000,-10.7640,-43.7140,1.0000,0.0000,2.2646,1.5682
0,1503578764.496,203.0000,1.0000,0.0000,-10.7661,-43.7145,1.0000,0.0000,2.2663,1.5668
0,1503578765.035,204.0000,1.0000,0.0000,-10.7703,-43.7146,1.0000,0.0000,2.2678,1.5649
0,1503578765.62,205.0000,1.0000,0.0000,-10.7732,-43.7150,1.0000,0.0000,2.2694,1.5631
0,1503578766.152,206.0000,1.0000,0.0000,-10.7756,-43.7156,1.0000,0.0000,2.2709,1.5612
0,1503578766.744,207.0000,1.0000,0.0000,-10.7798,-43.7164,1.0000,0.0000,2.2726,1.5596
0,1503578767.324,208.0000,1.0000,0.0000,-10.7832,-43.7173,1.0000,0.0000,2.2742,1.5580
0,1503578767.895,209.0000,1.0000,0.0000,-10.7866,-43.7180,1.0000,0.0000,2.2757,1.5565
0,1503578768.403,210.0000,1.0000,0.0000,-10.7912,-43.7192,1.0000,0.0000,2.2773,1.5547
0,1503578769.031,211.0000,1.0000,0.0000,-10.7965,-43.7197,1.0000,0.0000,2.2788,1.5533
0,1503578769.557,212.0000,1.0000,0.0000,-10.7981,-43.7203,1.0000,0.0000,2.2803,1.5509
0,1503578770.058,213.0000,1.0000,0.0000,-10.7981,-43.7212,1.0000,0.0000,2.2818,1.5496
0,1503578770.588,214.0000,1.0000,0.0000,-10.7999,-43.7220,1.0000,0.0000,2.2835,1.5484
0,1503578771.094,215.0000,1.0000,0.0000,-10.8022,-43.7232,1.0000,0.0000,2.2849,1.5459
0,1503578771.599,216.0000,1.0000,0.0000,-10.8020,-43.7239,1.0000,0.0000,2.2863,1.5452
0,1503578772.096,217.0000,1.0000,0.0000,-10.8028,-43.7245,1.0000,0.0000,2.2878,1.5434
0,1503578772.646,218.0000,1.0000,0.0000,-10.8034,-43.7251,1.0000,0.0000,2.2893,1.5422
0,1503578773.134,219.0000,1.0000,0.0000,-10.8041,-43.7256,1.0000,0.0000,2.2902,1.5382
0,1503578773.702,220.0000,1.0000,0.0000,-10.8084,-43.7265,1.0000,0.0000,2.2924,1.5398
0,1503578774.2,221.0000,1.0000,0.0000,-10.8107,-43.7275,1.0000,0.0000,2.2936,1.5371
0,1503578774.788,222.0000,1.0000,0.0000,-10.8122,-43.7279,1.0000,0.0000,2.2947,1.5351
0,1503578775.282,223.0000,1.0000,0.0000,-10.8152,-43.7282,1.0000,0.0000,2.2959,1.5328
0,1503578775.825,224.0000,1.0000,0.0000,-10.8172,-43.7287,1.0000,0.0000,2.2976,1.5317
0,1503578776.384,225.0000,1.0000,0.0000,-10.8208,-43.7296,1.0000,0.0000,2.2989,1.5305
0,1503578777.034,226.0000,1.0000,0.0000,-10.8232,-43.7304,1.0000,0.0000,2.3003,1.5287
0,1503578777.601,227.0000,1.0000,0.0000,-10.8264,-43.7312,1.0000,0.0000,2.3016,1.5274
0,1503578778.197,228.0000,1.0000,0.0000,-10.8296,-43.7321,1.0000,0.0000,2.3029,1.5258
0,1503578778.724,229.0000,1.0000,0.0000,-10.8300,-43.7328,1.0000,0.0000,2.3041,1.5233
0,1503578779.266,230.0000,1.0000,0.0000,-10.8345,-43.7336,1.0000,0.0000,2.3057,1.5235
0,1503578779.838,231.0000,1.0000,0.0000,-10.8382,-43.7351,1.0000,0.0000,2.3068,1.5213
0,1503578780.417,232.0000,1.0000,0.0000,-10.8408,-43.7365,1.0000,0.0000,2.3080,1.5199
0,1503578780.936,233.0000,1.0000,0.0000,-10.8406,-43.7369,1.0000,0.0000,2.3091,1.5182
0,1503578781.498,234.0000,1.0000,0.0000,-10.8395,-43.7370,1.0000,0.0000,2.3104,1.5169
0,1503578782.1,235.0000,1.0000,0.0000,-10.8391,-43.7372,1.0000,0.0000,2.3120,1.5157
0,1503578782.642,236.0000,1.0000,0.0000,-10.8395,-43.7373,1.0000,0.0000,2.3133,1.5148
0,1503578783.155,237.0000,1.0000,0.0000,-10.8411,-43.7373,1.0000,-0.0000,2.3147,1.5136
0,1503578783.726,238.0000,1.0000,0.0000,-10.8431,-43.7371,1.0000,-0.0000,2.3159,1.5121
0,1503578784.31,239.0000,1.0000,0.0000,-10.8441,-43.7370,1.0000,-0.0000,2.3171,1.5105
0,1503578784.879,240.0000,1.0000,0.0000,-10.8455,-43.7372,1.0000,0.0000,2.3182,1.5084
0,1503578785.42,241.0000,1.0000,0.0000,-10.8476,-43.7375,1.0000,0.0000,2.3195,1.5083
0,1503578785.913,242.0000,1.0000,0.0000,-10.8514,-43.7379,1.0000,0.0000,2.3207,1.5069
0,1503578786.461,243.0000,1.0000,0.0000,-10.8548,-43.7385,1.0000,0.0000,2.3218,1.5052
0,1503578786.965,244.0000,1.0000,0.0000,-10.8579,-43.7394,1.0000,0.0000,2.3231,1.5043
0,1503578787.512,245.0000,1.0000,0.0000,-10.8589,-43.7403,1.0000,0.0000,2.3242,1.5031
0,1503578788.077,246.0000,1.0000,0.0000,-10.8592,-43.7412,1.0000,0.0000,2.3254,1.5018
0,1503578788.647,247.0000,1.0000,0.0000,-10.8592,-43.7419,1.0000,0.0000,2.3266,1.5007
0,1503578789.141,248.0000,1.0000,0.0000,-10.8596,-43.7425,1.0000,0.0000,2.3279,1.5001
0,1503578789.673,249.0000,1.0000,0.0000,-10.8602,-43.7430,1.0000,0.0000,2.3289,1.4977
0,1503578790.215,250.0000,1.0000,0.0000,-10.8636,-43.7430,1.0000,0.0000,2.3302,1.4976
0,1503578790.786,251.0000,1.0000,0.0000,-10.8657,-43.7432,1.0000,0.0000,2.3314,1.4961
0,1503578791.284,252.0000,1.0000,0.0000,-10.8679,-43.7432,1.0000,0.0000,2.3324,1.4946
0,1503578791.819,253.0000,1.0000,0.0000,-10.8707,-43.7434,1.0000,0.0000,2.3336,1.4933
0,1503578792.377,254.0000,1.0000,0.0000,-10.8729,-43.7440,1.0000,0.0000,2.3346,1.4922
0,1503578792.843,255.0000,1.0000,0.0000,-10.8733,-43.7447,1.0000,0.0000,2.3357,1.4909
0,1503578793.306,256.0000,1.0000,0.0000,-10.8741,-43.7454,1.0000,0.0000,2.3368,1.4897
0,1503578793.793,257.0000,1.0000,0.0000,-10.8784,-43.7464,1.0000,0.0000,2.3377,1.4884
0,1503578794.339,258.0000,1.0000,0.0000,-10.8802,-43.7471,1.0000,0.0000,2.3389,1.4875
0,1503578794.907,259.0000,1.0000,0.0000,-10.8834,-43.7478,1.0000,0.0000,2.3399,1.4864
0,1503578795.441,260.0000,1.0000,0.0000,-10.8843,-43.7482,1.0000,0.0000,2.3408,1.4848
0,1503578795.933,261.0000,1.0000,0.0000,-10.8844,-43.7487,1.0000,0.0000,2.3422,1.4842
0,1503578796.347,262.0000,1.0000,0.0000,-10.8872,-43.7493,1.0000,0.0000,2.3432,1.4828
0,1503578796.856,263.0000,1.0000,0.0000,-10.8974,-43.7506,1.0000,0.0000,2.3439,1.4812
0,1503578797.368,264.0000,1.0000,0.0000,-10.8986,-43.7510,1.0000,0.0000,2.3448,1.4792
0,1503578797.919,265.0000,1.0000,0.0000,-10.8964,-43.7515,1.0000,0.0000,2.3457,1.4785
0,1503578798.475,266.0000,1.0000,0.0000,-10.8946,-43.7520,1.0000,0.0000,2.3468,1.4772
0,1503578799.048,267.0000,1.0000,0.0000,-10.8932,-43.7525,1.0000,0.0000,2.3481,1.4768
0,1503578799.592,268.0000,1.0000,0.0000,-10.8959,-43.7529,1.0000,0.0000,2.3485,1.4744
0,1503578800.134,269.0000,1.0000,0.0000,-10.8988,-43.7532,1.0000,0.0000,2.3503,1.4756
0,1503578800.649,270.0000,1.0000,0.0000,-10.8984,-43.7535,1.0000,0.0000,2.3510,1.4736
0,1503578801.169,271.0000,1.0000,0.0000,-10.8962,-43.7537,1.0000,0.0000,2.3517,1.4716
0,1503578801.705,272.0000,1.0000,0.0000,-10.8945,-43.7543,1.0000,0.0000,2.3525,1.4708
0,1503578802.239,273.0000,1.0000,0.0000,-10.8938,-43.7553,1.0000,0.0000,2.3535,1.4696
0,1503578802.815,274.0000,1.0000,0.0000,-10.8953,-43.7556,1.0000,0.0000,2.3546,1.4691
0,1503578803.388,275.0000,1.0000,0.0000,-10.8979,-43.7557,1.0000,0.0000,2.3555,1.4676
0,1503578803.915,276.0000,1.0000,0.0000,-10.8995,-43.7560,1.0000,0.0000,2.3563,1.4653
0,1503578804.424,277.0000,1.0000,0.0000,-10.9027,-43.7562,1.0000,0.0000,2.3574,1.4660
0,1503578804.937,278.0000,1.0000,0.0000,-10.9077,-43.7566,1.0000,0.0000,2.3583,1.4646
0,1503578805.509,279.0000,1.0000,0.0000,-10.9101,-43.7569,1.0000,0.0000,2.3591,1.4636
0,1503578805.979,280.0000,1.0000,0.0000,-10.9109,-43.7574,1.0000,0.0000,2.3600,1.4628
0,1503578806.549,281.0000,1.0000,0.0000,-10.9112,-43.7581,1.0000,0.0000,2.3609,1.4618
0,1503578807.122,282.0000,1.0000,0.0000,-10.9116,-43.7586,1.0000,0.0000,2.3619,1.4614
0,1503578807.667,283.0000,1.0000,0.0000,-10.9117,-43.7590,1.0000,0.0000,2.3629,1.4606
0,1503578808.206,284.0000,1.0000,0.0000,-10.9125,-43.7593,1.0000,0.0000,2.3638,1.4598
0,1503578808.749,285.0000,1.0000,0.0000,-10.9129,-43.7595,1.0000,0.0000,2.3646,1.4585
0,1503578809.289,286.0000,1.0000,0.0000,-10.9137,-43.7597,1.0000,0.0000,2.3655,1.4578
0,1503578809.805,287.0000,1.0000,0.0000,-10.9145,-43.7598,1.0000,0.0000,2.3663,1.4566
0,1503578810.346,288.0000,1.0000,0.0000,-10.9162,-43.7601,1.0000,0.0000,2.3670,1.4552
0,1503578810.916,289.0000,1.0000,0.0000,-10.9181,-43.7604,1.0000,0.0000,2.3681,1.4555
0,1503578811.453,290.0000,1.0000,0.0000,-10.9204,-43.7607,1.0000,0.0000,2.3689,1.4543
0,1503578812.029,291.0000,1.0000,0.0000,-10.9220,-43.7611,1.0000,0.0000,2.3698,1.4535
0,1503578812.551,292.0000,1.0000,0.0000,-10.9223,-43.7615,1.0000,0.0000,2.3705,1.4524
0,1503578813.067,293.0000,1.0000,0.0000,-10.9249,-43.7621,1.0000,0.0000,2.3713,1.4516
0,1503578813.508,294.0000,1.0000,0.0000,-10.9272,-43.7624,1.0000,0.0000,2.3720,1.4505
0,1503578814.01,295.0000,1.0000,0.0000,-10.9300,-43.7629,1.0000,0.0000,2.3725,1.4486
0,1503578814.542,296.0000,1.0000,0.0000,-10.9318,-43.7634,1.0000,0.0000,2.3737,1.4488
0,1503578815.077,297.0000,1.0000,0.0000,-10.9347,-43.7641,1.0000,0.0000,2.3745,1.4483
0,1503578815.637,298.0000,1.0000,0.0000,-10.9347,-43.7644,1.0000,0.0000,2.3752,1.4472
0,1503578816.173,299.0000,1.0000,0.0000,-10.9334,-43.7647,1.0000,0.0000,2.3760,1.4464
0,1503578816.717,300.0000,1.0000,0.0000,-10.9324,-43.7652,1.0000,0.0000,2.3768,1.4458
0,1503578817.298,1.0000,1.0000,0.0000,-10.9318,-43.7652,1.0000,0.0000,2.3777,1.4452
0,1503578817.82,2.0000,1.0000,0.0000,-10.9315,-43.7652,1.0000,0.0000,2.3785,1.4444
0,1503578818.372,3.0000,1.0000,0.0000,-10.9314,-43.7653,1.0000,0.0000,2.3792,1.4435
0,1503578818.91,4.0000,1.0000,0.0000,-10.9325,-43.7653,1.0000,0.0000,2.3799,1.4426
0,1503578819.444,5.0000,1.0000,0.0000,-10.9338,-43.7653,1.0000,0.0000,2.3807,1.4419
0,1503578820.05,6.0000,1.0000,0.0000,-10.9354,-43.7654,1.0000,0.0000,2.3814,1.4413
0,1503578820.585,7.0000,1.0000,0.0000,-10.9387,-43.7655,1.0000,0.0000,2.3821,1.4402
0,1503578821.13,8.0000,1.0000,0.0000,-10.9425,-43.7657,1.0000,0.0000,2.3828,1.4396
0,1503578821.659,9.0000,1.0000,0.0000,-10.9458,-43.7660,1.0000,0.0000,2.3835,1.4387
0,1503578822.199,10.0000,1.0000,0.0000,-10.9485,-43.7665,1.0000,0.0000,2.3841,1.4371
0,1503578822.765,11.0000,1.0000,0.0000,-10.9501,-43.7670,1.0000,0.0000,2.3849,1.4372
0,1503578823.228,12.0000,1.0000,0.0000,-10.9519,-43.7673,1.0000,0.0000,2.3858,1.4367
0,1503578823.733,13.0000,1.0000,0.0000,-10.9523,-43.7678,1.0000,0.0000,2.3865,1.4363
0,1503578824.189,14.0000,1.0000,0.0000,-10.9525,-43.7682,1.0000,0.0000,2.3872,1.4358
0,1503578824.754,15.0000,1.0000,0.0000,-10.9517,-43.7686,1.0000,0.0000,2.3877,1.4344
0,1503578825.278,16.0000,1.0000,0.0000,-10.9516,-43.7692,1.0000,0.0000,2.3887,1.4347
0,1503578825.762,17.0000,1.0000,0.0000,-10.9523,-43.7692,1.0000,0.0000,2.3893,1.4338
0,1503578826.249,18.0000,1.0000,0.0000,-10.9537,-43.7695,1.0000,0.0000,2.3900,1.4326
0,1503578826.825,19.0000,1.0000,0.0000,-10.9535,-43.7696,1.0000,0.0000,2.3906,1.4319
0,1503578827.361,20.0000,1.0000,0.0000,-10.9540,-43.7695,1.0000,0.0000,2.3913,1.4314
0,1503578827.922,21.0000,1.0000,0.0000,-10.9572,-43.7697,1.0000,0.0000,2.3920,1.4309
0,1503578828.409,22.0000,1.0000,0.0000,-10.9591,-43.7699,1.0000,0.0000,2.3910,1.4244
0,1503578829.039,23.0000,1.0000,0.0000,-10.9640,-43.7705,1.0000,0.0000,2.3938,1.4309
0,1503578829.609,24.0000,1.0000,0.0000,-10.9684,-43.7713,1.0000,0.0000,2.3939,1.4286
0,1503578830.184,25.0000,1.0000,0.0000,-10.9695,-43.7720,1.0000,0.0000,2.3945,1.4281
0,1503578830.754,26.0000,1.0000,0.0000,-10.9684,-43.7721,1.0000,0.0000,2.3953,1.4279
0,1503578831.336,27.0000,1.0000,0.0000,-10.9651,-43.7722,1.0000,0.0000,2.3959,1.4274
0,1503578831.872,28.0000,1.0000,0.0000,-10.9617,-43.7722,1.0000,0.0000,2.3965,1.4267
0,1503578832.44,29.0000,1.0000,0.0000,-10.9589,-43.7721,1.0000,-0.0000,2.3971,1.4259
0,1503578832.968,30.0000,1.0000,0.0000,-10.9570,-43.7719,1.0000,-0.0000,2.3975,1.4242
0,1503578833.462,31.0000,1.0000,0.0000,-10.9637,-43.7718,1.0000,-0.0000,2.3985,1.4250
0,1503578834.026,32.0000,1.0000,0.0000,-10.9651,-43.7717,1.0000,-0.0000,2.3986,1.4226
0,1503578834.532,33.0000,1.0000,0.0000,-10.9646,-43.7720,1.0000,0.0000,2.3990,1.4218
0,1503578835.072,34.0000,1.0000,0.0000,-10.9650,-43.7726,1.0000,0.0000,2.3998,1.4217
0,1503578835.557,35.0000,1.0000,0.0000,-10.9687,-43.7731,1.0000,0.0000,2.4004,1.4210
0,1503578836.102,36.0000,1.0000,0.0000,-10.9703,-43.7736,1.0000,0.0000,2.4010,1.4201
0,1503578836.655,37.0000,1.0000,0.0000,-10.9719,-43.7740,1.0000,0.0000,2.4016,1.4198
0,1503578837.203,38.0000,1.0000,0.0000,-10.9725,-43.7743,1.0000,0.0000,2.4022,1.4194
0,1503578837.709,39.0000,1.0000,0.0000,-10.9728,-43.7748,1.0000,0.0000,2.4029,1.4191
0,1503578838.266,40.0000,1.0000,0.0000,-10.9730,-43.7751,1.0000,0.0000,2.4032,1.4175
0,1503578838.82,41.0000,1.0000,0.0000,-10.9739,-43.7754,1.0000,0.0000,2.4038,1.4168
0,1503578839.358,42.0000,1.0000,0.0000,-10.9758,-43.7756,1.0000,0.0000,2.4048,1.4184
0,1503578839.921,43.0000,1.0000,0.0000,-10.9775,-43.7756,1.0000,0.0000,2.4052,1.4169
0,1503578840.465,44.0000,1.0000,0.0000,-10.9788,-43.7756,1.0000,0.0000,2.4058,1.4168
0,1503578841.033,45.0000,1.0000,0.0000,-10.9776,-43.7757,1.0000,0.0000,2.4062,1.4156
0,1503578841.563,46.0000,1.0000,0.0000,-10.9759,-43.7759,1.0000,0.0000,2.4069,1.4153
0,1503578842.108,47.0000,1.0000,0.0000,-10.9749,-43.7764,1.0000,0.0000,2.4073,1.4145
0,1503578842.692,48.0000,1.0000,0.0000,-10.9748,-43.7765,1.0000,0.0000,2.4078,1.4139
0,1503578843.212,49.0000,1.0000,0.0000,-10.9760,-43.7764,1.0000,0.0000,2.4083,1.4134
0,1503578843.752,50.0000,1.0000,0.0000,-10.9804,-43.7763,1.0000,-0.0000,2.4088,1.4126
0,1503578844.281,51.0000,1.0000,0.0000,-10.9841,-43.7763,1.0000,0.0000,2.4094,1.4114
0,1503578844.833,52.0000,1.0000,0.0000,-10.9848,-43.7765,1.0000,0.0000,2.4100,1.4113
0,1503578845.296,53.0000,1.0000,0.0000,-10.9876,-43.7765,1.0000,0.0000,2.4104,1.4107
0,1503578845.859,54.0000,1.0000,0.0000,-10.9892,-43.7767,1.0000,0.0000,2.4109,1.4101
0,1503578846.405,55.0000,1.0000,0.0000,-10.9899,-43.7771,1.0000,0.0000,2.4115,1.4102
0,1503578846.913,56.0000,1.0000,0.0000,-10.9991,-43.7774,1.0000,0.0000,2.4120,1.4100
0,1503578847.467,57.0000,1.0000,0.0000,-10.9996,-43.7778,1.0000,0.0000,2.4120,1.4080
0,1503578848.044,58.0000,1.0000,0.0000,-10.9972,-43.7785,1.0000,0.0000,2.4127,1.4083
0,1503578848.602,59.0000,1.0000,0.0000,-10.9936,-43.7792,1.0000,0.0000,2.4133,1.4080
0,1503578849.181,60.0000,1.0000,0.0000,-10.9915,-43.7798,1.0000,0.0000,2.4140,1.4083
0,1503578849.731,61.0000,1.0000,0.0000,-10.9913,-43.7798,1.0000,0.0000,2.4144,1.4073
0,1503578850.273,62.0000,1.0000,0.0000,-10.9894,-43.7797,1.0000,-0.0000,2.4150,1.4072
0,1503578850.851,63.0000,1.0000,0.0000,-10.9890,-43.7789,1.0000,-0.0000,2.4155,1.4069
0,1503578851.371,64.0000,1.0000,0.0000,-10.9878,-43.7783,1.0000,-0.0000,2.4159,1.4059
0,1503578851.871,65.0000,1.0000,0.0000,-10.9858,-43.7784,1.0000,0.0000,2.4162,1.4047
0,1503578852.413,66.0000,1.0000,0.0000,-10.9847,-43.7788,1.0000,0.0000,2.4169,1.4049
0,1503578852.953,67.0000,1.0000,0.0000,-10.9869,-43.7790,1.0000,0.0000,2.4172,1.4044
0,1503578853.415,68.0000,1.0000,0.0000,-10.9901,-43.7791,1.0000,0.0000,2.4176,1.4037
0,1503578853.941,69.0000,1.0000,0.0000,-10.9927,-43.7795,1.0000,0.0000,2.4178,1.4019
0,1503578854.481,70.0000,1.0000,0.0000,-10.9944,-43.7800,1.0000,0.0000,2.4184,1.4025
0,1503578855.032,71.0000,1.0000,0.0000,-10.9966,-43.7807,1.0000,0.0000,2.4189,1.4022
0,1503578855.55,72.0000,1.0000,0.0000,-10.9963,-43.7812,1.0000,0.0000,2.4192,1.4018
0,1503578856.028,73.0000,1.0000,0.0000,-10.9948,-43.7816,1.0000,0.0000,2.4198,1.4015
0,1503578856.546,74.0000,1.0000,0.0000,-10.9942,-43.7819,1.0000,0.0000,2.4203,1.4009
0,1503578857.083,75.0000,1.0000,0.0000,-10.9944,-43.7821,1.0000,0.0000,2.4208,1.4009
0,1503578857.588,76.0000,1.0000,0.0000,-10.9965,-43.7821,1.0000,0.0000,2.4213,1.4006
0,1503578858.161,77.0000,1.0000,0.0000,-10.9970,-43.7818,1.0000,-0.0000,2.4216,1.3997
0,1503578858.638,78.0000,1.0000,0.0000,-11.0015,-43.7817,1.0000,-0.0000,2.4220,1.3992
0,1503578859.161,79.0000,1.0000,0.0000,-11.0029,-43.7818,1.0000,0.0000,2.4224,1.3987
0,1503578859.636,80.0000,1.0000,0.0000,-11.0067,-43.7818,1.0000,0.0000,2.4224,1.3962
0,1503578860.159,81.0000,1.0000,0.0000,-11.0097,-43.7820,1.0000,0.0000,2.4232,1.3977
0,1503578860.649,82.0000,1.0000,0.0000,-11.0106,-43.7827,1.0000,0.0000,2.4236,1.3974
0,1503578861.23,83.0000,1.0000,0.0000,-11.0087,-43.7831,1.0000,0.0000,2.4240,1.3970
0,1503578861.804,84.0000,1.0000,0.0000,-11.0052,-43.7834,1.0000,0.0000,2.4244,1.3968
0,1503578862.335,85.0000,1.0000,0.0000,-11.0033,-43.7838,1.0000,0.0000,2.4249,1.3967
0,1503578862.906,86.0000,1.0000,0.0000,-11.0005,-43.7840,1.0000,0.0000,2.4253,1.3962
0,1503578863.446,87.0000,1.0000,0.0000,-10.9986,-43.7841,1.0000,0.0000,2.4258,1.3959
0,1503578863.969,88.0000,1.0000,0.0000,-10.9979,-43.7840,1.0000,-0.0000,2.4261,1.3952
0,1503578864.461,89.0000,1.0000,0.0000,-10.9985,-43.7840,1.0000,0.0000,2.4265,1.3944
0,1503578865.043,90.0000,1.0000,0.0000,-10.9998,-43.7839,1.0000,0.0000,2.4268,1.3939
0,1503578865.604,91.0000,1.0000,0.0000,-11.0017,-43.7839,1.0000,0.0000,2.4273,1.3937
0,1503578866.175,92.0000,1.0000,0.0000,-11.0053,-43.7840,1.0000,0.0000,2.4277,1.3934
0,1503578866.674,93.0000,1.0000,0.0000,-11.0068,-43.7839,1.0000,0.0000,2.4279,1.3926
0,1503578867.222,94.0000,1.0000,0.0000,-11.0077,-43.7841,1.0000,0.0000,2.4283,1.3924
0,1503578867.788,95.0000,1.0000,0.0000,-11.0084,-43.7842,1.0000,0.0000,2.4288,1.3922
0,1503578868.404,96.0000,1.0000,0.0000,-11.0086,-43.7844,1.0000,0.0000,2.4292,1.3922
0,1503578868.831,97.0000,1.0000,0.0000,-11.0109,-43.7846,1.0000,0.0000,2.4295,1.3918
0,1503578869.364,98.0000,1.0000,0.0000,-11.0116,-43.7847,1.0000,0.0000,2.4299,1.3915
0,1503578869.897,99.0000,1.0000,0.0000,-11.0114,-43.7849,1.0000,0.0000,2.4303,1.3911
0,1503578870.423,100.0000,1.0000,0.0000,-11.0106,-43.7851,1.0000,0.0000,2.4306,1.3905
0,1503578870.968,101.0000,1.0000,0.0000,-11.0107,-43.7853,1.0000,0.0000,2.4311,1.3905
0,1503578871.528,102.0000,1.0000,0.0000,-11.0128,-43.7845,1.0000,-0.0000,2.4314,1.3902
0,1503578872.019,103.0000,1.0000,0.0000,-11.0123,-43.7844,1.0000,-0.0000,2.4317,1.3894
0,1503578872.583,104.0000,1.0000,0.0000,-11.0135,-43.7849,1.0000,0.0000,2.4320,1.3885
0,1503578873.112,105.0000,1.0000,0.0000,-11.0163,-43.7852,1.0000,0.0000,2.4324,1.3885
0,1503578873.608,106.0000,1.0000,0.0000,-11.0317,-43.7866,1.0001,0.0000,2.4328,1.3886
0,1503578874.134,107.0000,1.0000,0.0000,-11.0352,-43.7870,1.0000,0.0000,2.4325,1.3858
0,1503578874.689,108.0000,1.0000,0.0000,-11.0345,-43.7870,1.0000,0.0000,2.4333,1.3872
0,1503578875.229,109.0000,1.0000,0.0000,-11.0316,-43.7872,1.0000,0.0000,2.4338,1.3873
0,1503578875.784,110.0000,1.0000,0.0000,-11.0275,-43.7871,1.0000,0.0000,2.4343,1.3880
0,1503578876.317,111.0000,1.0000,0.0000,-11.0230,-43.7871,1.0000,0.0000,2.4346,1.3875
0,1503578876.844,112.0000,1.0000,0.0000,-11.0186,-43.7871,1.0000,0.0000,2.4351,1.3878
0,1503578877.353,113.0000,1.0000,0.0000,-11.0184,-43.7861,1.0000,-0.0000,2.4354,1.3872
0,1503578877.838,114.0000,1.0000,0.0000,-11.0157,-43.7857,1.0000,-0.0000,2.4355,1.3863
0,1503578878.384,115.0000,1.0000,0.0000,-11.0141,-43.7858,1.0000,0.0000,2.4359,1.3860
0,1503578878.938,116.0000,1.0000,0.0000,-11.0144,-43.7857,1.0000,0.0000,2.4359,1.3846
0,1503578879.422,117.0000,1.0000,0.0000,-11.0167,-43.7860,1.0000,0.0000,2.4364,1.3849
0,1503578879.901,118.0000,1.0000,0.0000,-11.0198,-43.7863,1.0000,0.0000,2.4365,1.3843
0,1503578880.427,119.0000,1.0000,0.0000,-11.0220,-43.7866,1.0000,0.0000,2.4367,1.3836
0,1503578880.944,120.0000,1.0000,0.0000,-11.0238,-43.7871,1.0000,0.0000,2.4370,1.3833
0,1503578881.486,121.0000,1.0000,0.0000,-11.0269,-43.7874,1.0000,0.0000,2.4374,1.3831
0,1503578882.06,122.0000,1.0000,0.0000,-11.0278,-43.7879,1.0000,0.0000,2.4377,1.3829
0,1503578882.549,123.0000,1.0000,0.0000,-11.0298,-43.7888,1.0000,0.0000,2.4381,1.3828
0,1503578883.104,124.0000,1.0000,0.0000,-11.0283,-43.7893,1.0000,0.0000,2.4384,1.3826
0,1503578883.634,125.0000,1.0000,0.0000,-11.0260,-43.7894,1.0000,0.0000,2.4387,1.3825
0,1503578884.202,126.0000,1.0000,0.0000,-11.0244,-43.7895,1.0000,0.0000,2.4392,1.3823
0,1503578884.743,127.0000,1.0000,0.0000,-11.0234,-43.7894,1.0000,-0.0000,2.4395,1.3822
0,1503578885.265,128.0000,1.0000,0.0000,-11.0232,-43.7891,1.0000,-0.0000,2.4396,1.3814
0,1503578885.794,129.0000,1.0000,0.0000,-11.0246,-43.7892,1.0000,0.0000,2.4401,1.3818
0,1503578886.356,130.0000,1.0000,0.0000,-11.0255,-43.7888,1.0000,-0.0000,2.4403,1.3811
0,1503578886.911,131.0000,1.0000,0.0000,-11.0245,-43.7885,1.0000,-0.0000,2.4405,1.3806
0,1503578887.453,132.0000,1.0000,0.0000,-11.0258,-43.7884,1.0000,-0.0000,2.4409,1.3806
0,1503578887.96,133.0000,1.0000,0.0000,-11.0267,-43.7882,1.0000,-0.0000,2.4411,1.3802
0,1503578888.429,134.0000,1.0000,0.0000,-11.0257,-43.7882,1.0000,0.0000,2.4414,1.3798
0,1503578888.963,135.0000,1.0000,0.0000,-11.0250,-43.7884,1.0000,0.0000,2.4415,1.3790
0,1503578889.516,136.0000,1.0000,0.0000,-11.0247,-43.7887,1.0000,0.0000,2.4419,1.3796
0,1503578890.059,137.0000,1.0000,0.0000,-11.0247,-43.7889,1.0000,0.0000,2.4423,1.3796
0,1503578890.625,138.0000,1.0000,0.0000,-11.0248,-43.7892,1.0000,0.0000,2.4424,1.3789
0,1503578891.17,139.0000,1.0000,0.0000,-11.0262,-43.7892,1.0000,0.0000,2.4428,1.3792
0,1503578891.694,140.0000,1.0000,0.0000,-11.0287,-43.7895,1.0000,0.0000,2.4430,1.3785
0,1503578892.231,141.0000,1.0000,0.0000,-11.0289,-43.7897,1.0000,0.0000,2.4433,1.3782
0,1503578892.736,142.0000,1.0000,0.0000,-11.0299,-43.7900,1.0000,0.0000,2.4436,1.3778
0,1503578893.281,143.0000,1.0000,0.0000,-11.0329,-43.7901,1.0000,0.0000,2.4439,1.3779
0,1503578893.847,144.0000,1.0000,0.0000,-11.0327,-43.7901,1.0000,0.0000,2.4441,1.3774
0,1503578894.414,145.0000,1.0000,0.0000,-11.0314,-43.7900,1.0000,-0.0000,2.4444,1.3771
0,1503578895.061,146.0000,1.0000,0.0000,-11.0305,-43.7899,1.0000,0.0000,2.4447,1.3770
0,1503578895.583,147.0000,1.0000,0.0000,-11.0302,-43.7898,1.0000,-0.0000,2.4451,1.3777
0,1503578896.158,148.0000,1.0000,0.0000,-11.0298,-43.7896,1.0000,-0.0000,2.4453,1.3772
0,1503578896.6,149.0000,1.0000,0.0000,-11.0328,-43.7887,1.0000,-0.0000,2.4455,1.3768
0,1503578897.216,150.0000,1.0000,0.0000,-11.0326,-43.7883,1.0000,-0.0000,2.4457,1.3760
0,1503578897.73,151.0000,1.0000,0.0000,-11.0311,-43.7885,1.0000,0.0000,2.4460,1.3760
0,1503578898.288,152.0000,1.0000,0.0000,-11.0298,-43.7889,1.0000,0.0000,2.4461,1.3755
0,1503578898.754,153.0000,1.0000,0.0000,-11.0298,-43.7894,1.0000,0.0000,2.4463,1.3748
0,1503578899.308,154.0000,1.0000,0.0000,-11.0316,-43.7899,1.0000,0.0000,2.4466,1.3752
0,1503578899.838,155.0000,1.0000,0.0000,-11.0344,-43.7905,1.0000,0.0000,2.4468,1.3756
0,1503578900.362,156.0000,1.0000,0.0000,-11.0351,-43.7909,1.0000,0.0000,2.4469,1.3744
0,1503578900.888,157.0000,1.0000,0.0000,-11.0351,-43.7912,1.0000,0.0000,2.4473,1.3748
0,1503578901.408,158.0000,1.0000,0.0000,-11.0344,-43.7914,1.0000,0.0000,2.4473,1.3738
0,1503578901.945,159.0000,1.0000,0.0000,-11.0357,-43.7917,1.0000,0.0000,2.4480,1.3742
0,1503578902.528,160.0000,1.0000,0.0000,-11.0366,-43.7918,1.0000,0.0000,2.4481,1.3744
0,1503578903.03,161.0000,1.0000,0.0000,-11.0374,-43.7914,1.0000,-0.0000,2.4483,1.3739
0,1503578903.496,162.0000,1.0000,0.0000,-11.0371,-43.7912,1.0000,-0.0000,2.4486,1.3738
0,1503578904.035,163.0000,1.0000,0.0000,-11.0363,-43.7913,1.0000,0.0000,2.4486,1.3728
0,1503578904.558,164.0000,1.0000,0.0000,-11.0366,-43.7914,1.0000,0.0000,2.4491,1.3734
0,1503578905.12,165.0000,1.0000,0.0000,-11.0367,-43.7913,1.0000,-0.0000,2.4492,1.3731
0,1503578905.649,166.0000,1.0000,0.0000,-11.0373,-43.7911,1.0000,-0.0000,2.4494,1.3728
0,1503578906.211,167.0000,1.0000,0.0000,-11.0384,-43.7909,1.0000,-0.0000,2.4496,1.3724
0,1503578906.769,168.0000,1.0000,0.0000,-11.0376,-43.7907,1.0000,-0.0000,2.4498,1.3724
0,1503578907.262,169.0000,1.0000,0.0000,-11.0369,-43.7907,1.0000,0.0000,2.4499,1.3719
0,1503578907.749,170.0000,1.0000,0.0000,-11.0371,-43.7911,1.0000,0.0000,2.4503,1.3721
0,1503578908.283,171.0000,1.0000,0.0000,-11.0370,-43.7913,1.0000,0.0000,2.4501,1.3709
0,1503578908.766,172.0000,1.0000,0.0000,-11.0376,-43.7915,1.0000,0.0000,2.4507,1.3719
0,1503578909.311,173.0000,1.0000,0.0000,-11.0435,-43.7909,1.0000,-0.0000,2.4508,1.3716
0,1503578909.819,174.0000,1.0000,0.0000,-11.0510,-43.7907,1.0000,-0.0000,2.4509,1.3705
0,1503578910.421,175.0000,1.0000,0.0000,-11.0526,-43.7909,1.0000,0.0000,2.4509,1.3695
0,1503578911.036,176.0000,1.0000,0.0000,-11.0506,-43.7915,1.0000,0.0000,2.4512,1.3694
0,1503578911.548,177.0000,1.0000,0.0000,-11.0480,-43.7922,1.0000,0.0000,2.4516,1.3703
0,1503578912.305,178.0000,1.0000,0.0000,-11.0449,-43.7927,1.0000,0.0000,2.4519,1.3706
0,1503578912.803,179.0000,1.0000,0.0000,-11.0422,-43.7929,1.0000,0.0000,2.4521,1.3706
0,1503578913.332,180.0000,1.0000,0.0000,-11.0391,-43.7930,1.0000,0.0000,2.4523,1.3705
0,1503578913.847,181.0000,1.0000,0.0000,-11.0399,-43.7931,1.0000,0.0000,2.4524,1.3701
0,1503578914.421,182.0000,1.0000,0.0000,-11.0392,-43.7931,1.0000,0.0000,2.4526,1.3696
0,1503578914.928,183.0000,1.0000,0.0000,-11.0395,-43.7935,1.0000,0.0000,2.4528,1.3692
0,1503578915.491,184.0000,1.0000,0.0000,-11.0388,-43.7933,1.0000,-0.0000,2.4529,1.3688
0,1503578915.967,185.0000,1.0000,0.0000,-11.0388,-43.7929,1.0000,-0.0000,2.4529,1.3680
0,1503578916.526,186.0000,1.0000,0.0000,-11.0403,-43.7929,1.0000,-0.0000,2.4534,1.3688
0,1503578917.142,187.0000,1.0000,0.0000,-11.0431,-43.7926,1.0000,-0.0000,2.4536,1.3686
0,1503578917.623,188.0000,1.0000,0.0000,-11.0457,-43.7924,1.0000,-0.0000,2.4538,1.3685
0,1503578918.16,189.0000,1.0000,0.0000,-11.0457,-43.7924,1.0000,0.0000,2.4537,1.3669
0,1503578918.767,190.0000,1.0000,0.0000,-11.0457,-43.7925,1.0000,0.0000,2.4541,1.3685
0,1503578919.299,191.0000,1.0000,0.0000,-11.0456,-43.7926,1.0000,0.0000,2.4543,1.3683
0,1503578919.858,192.0000,1.0000,0.0000,-11.0460,-43.7928,1.0000,0.0000,2.4545,1.3681
0,1503578920.385,193.0000,1.0000,0.0000,-11.0473,-43.7928,1.0000,0.0000,2.4546,1.3679
0,1503578920.905,194.0000,1.0000,0.0000,-11.0463,-43.7927,1.0000,0.0000,2.4547,1.3673
0,1503578921.439,195.0000,1.0000,0.0000,-11.0451,-43.7928,1.0000,0.0000,2.4547,1.3661
0,1503578921.962,196.0000,1.0000,0.0000,-11.0457,-43.7930,1.0000,0.0000,2.4552,1.3673
0,1503578922.537,197.0000,1.0000,0.0000,-11.0470,-43.7932,1.0000,0.0000,2.4553,1.3673
0,1503578923.04,198.0000,1.0000,0.0000,-11.0480,-43.7934,1.0000,0.0000,2.4555,1.3668
0,1503578923.593,199.0000,1.0000,0.0000,-11.0492,-43.7935,1.0000,0.0000,2.4555,1.3665
0,1503578924.121,200.0000,1.0000,0.0000,-11.0483,-43.7935,1.0000,0.0000,2.4558,1.3666
0,1503578924.677,201.0000,1.0000,0.0000,-11.0467,-43.7937,1.0000,0.0000,2.4559,1.3663
0,1503578925.135,202.0000,1.0000,0.0000,-11.0448,-43.7939,1.0000,0.0000,2.4562,1.3664
0,1503578925.68,203.0000,1.0000,0.0000,-11.0466,-43.7940,1.0000,0.0000,2.4560,1.3640
0,1503578926.219,204.0000,1.0000,0.0000,-11.0499,-43.7937,1.0000,-0.0000,2.4565,1.3659
0,1503578926.764,205.0000,1.0000,0.0000,-11.0526,-43.7934,1.0000,-0.0000,2.4566,1.3656
0,1503578927.303,206.0000,1.0000,0.0000,-11.0511,-43.7933,1.0000,-0.0000,2.4567,1.3654
0,1503578927.88,207.0000,1.0000,0.0000,-11.0485,-43.7934,1.0000,0.0000,2.4569,1.3650
0,1503578928.472,208.0000,1.0000,0.0000,-11.0462,-43.7938,1.0000,0.0000,2.4572,1.3655
0,1503578929.032,209.0000,1.0000,0.0000,-11.0452,-43.7940,1.0000,0.0000,2.4573,1.3653
0,1503578929.515,210.0000,1.0000,0.0000,-11.0465,-43.7941,1.0000,0.0000,2.4573,1.3647
0,1503578930.002,211.0000,1.0000,0.0000,-11.0468,-43.7942,1.0000,0.0000,2.4575,1.3645
0,1503578930.463,212.0000,1.0000,0.0000,-11.0473,-43.7942,1.0000,0.0000,2.4576,1.3644
0,1503578930.983,213.0000,1.0000,0.0000,-11.0476,-43.7942,1.0000,0.0000,2.4576,1.3628
0,1503578931.518,214.0000,1.0000,0.0000,-11.0487,-43.7943,1.0000,0.0000,2.4581,1.3643
0,1503578932.114,215.0000,1.0000,0.0000,-11.0494,-43.7944,1.0000,0.0000,2.4581,1.3642
0,1503578932.667,216.0000,1.0000,0.0000,-11.0495,-43.7944,1.0000,0.0000,2.4583,1.3640
0,1503578933.17,217.0000,1.0000,0.0000,-11.0488,-43.7945,1.0000,0.0000,2.4585,1.3639
0,1503578933.723,218.0000,1.0000,0.0000,-11.0476,-43.7946,1.0000,0.0000,2.4586,1.3639
0,1503578934.236,219.0000,1.0000,0.0000,-11.0465,-43.7946,1.0000,0.0000,2.4588,1.3638
0,1503578934.794,220.0000,1.0000,0.0000,-11.0462,-43.7946,1.0000,0.0000,2.4589,1.3635
0,1503578935.28,221.0000,1.0000,0.0000,-11.0468,-43.7946,1.0000,0.0000,2.4591,1.3636
0,1503578935.784,222.0000,1.0000,0.0000,-11.0470,-43.7946,1.0000,0.0000,2.4592,1.3631
0,1503578936.263,223.0000,1.0000,0.0000,-11.0477,-43.7945,1.0000,-0.0000,2.4594,1.3630
0,1503578936.793,224.0000,1.0000,0.0000,-11.0484,-43.7944,1.0000,-0.0000,2.4594,1.3629
0,1503578937.341,225.0000,1.0000,0.0000,-11.0485,-43.7944,1.0000,0.0000,2.4597,1.3630
0,1503578937.855,226.0000,1.0000,0.0000,-11.0490,-43.7944,1.0000,0.0000,2.4598,1.3629
0,1503578938.389,227.0000,1.0000,0.0000,-11.0503,-43.7944,1.0000,0.0000,2.4599,1.3627
0,1503578938.923,228.0000,1.0000,0.0000,-11.0511,-43.7945,1.0000,0.0000,2.4601,1.3626
0,1503578939.48,229.0000,1.0000,0.0000,-11.0518,-43.7942,1.0000,-0.0000,2.4603,1.3626
0,1503578939.992,230.0000,1.0000,0.0000,-11.0529,-43.7941,1.0000,-0.0000,2.4604,1.3625
0,1503578940.511,231.0000,1.0000,0.0000,-11.0526,-43.7941,1.0000,0.0000,2.4603,1.3617
0,1503578941.054,232.0000,1.0000,0.0000,-11.0519,-43.7944,1.0000,0.0000,2.4606,1.3620
0,1503578941.527,233.0000,1.0000,0.0000,-11.0509,-43.7947,1.0000,0.0000,2.4608,1.3619
0,1503578942.057,234.0000,1.0000,0.0000,-11.0511,-43.7952,1.0000,0.0000,2.4609,1.3620
0,1503578942.593,235.0000,1.0000,0.0000,-11.0505,-43.7954,1.0000,0.0000,2.4609,1.3612
0,1503578943.108,236.0000,1.0000,0.0000,-11.0509,-43.7954,1.0000,-0.0000,2.4612,1.3620
0,1503578943.569,237.0000,1.0000,0.0000,-11.0513,-43.7951,1.0000,-0.0000,2.4613,1.3615
0,1503578944.1,238.0000,1.0000,0.0000,-11.0523,-43.7952,1.0000,0.0000,2.4610,1.3599
0,1503578944.582,239.0000,1.0000,0.0000,-11.0548,-43.7955,1.0000,0.0000,2.4616,1.3612
0,1503578945.137,240.0000,1.0000,0.0000,-11.0559,-43.7956,1.0000,0.0000,2.4616,1.3610
0,1503578945.709,241.0000,1.0000,0.0000,-11.0555,-43.7956,1.0000,0.0000,2.4618,1.3610
0,1503578946.23,242.0000,1.0000,0.0000,-11.0558,-43.7953,1.0000,-0.0000,2.4619,1.3609
0,1503578946.774,243.0000,1.0000,0.0000,-11.0542,-43.7952,1.0000,-0.0000,2.4619,1.3603
0,1503578947.25,244.0000,1.0000,0.0000,-11.0591,-43.7949,1.0000,-0.0000,2.4622,1.3607
0,1503578947.788,245.0000,1.0000,0.0000,-11.0611,-43.7949,1.0000,-0.0000,2.4621,1.3598
0,1503578948.32,246.0000,1.0000,0.0000,-11.0599,-43.7951,1.0000,0.0000,2.4622,1.3597
0,1503578948.878,247.0000,1.0000,0.0000,-11.0614,-43.7951,1.0000,0.0000,2.4624,1.3597
0,1503578949.407,248.0000,1.0000,0.0000,-11.0608,-43.7951,1.0000,0.0000,2.4625,1.3597
0,1503578949.934,249.0000,1.0000,0.0000,-11.0597,-43.7955,1.0000,0.0000,2.4626,1.3600
0,1503578950.5,250.0000,1.0000,0.0000,-11.0571,-43.7957,1.0000,0.0000,2.4628,1.3597
0,1503578951.069,251.0000,1.0000,0.0000,-11.0573,-43.7965,1.0000,0.0000,2.4629,1.3598
0,1503578951.594,252.0000,1.0000,0.0000,-11.0562,-43.7966,1.0000,0.0000,2.4630,1.3597
0,1503578952.134,253.0000,1.0000,0.0000,-11.0542,-43.7966,1.0000,0.0000,2.4630,1.3594
0,1503578952.688,254.0000,1.0000,0.0000,-11.0549,-43.7966,1.0000,0.0000,2.4631,1.3589
0,1503578953.256,255.0000,1.0000,0.0000,-11.0542,-43.7966,1.0000,-0.0000,2.4634,1.3589
0,1503578953.807,256.0000,1.0000,0.0000,-11.0548,-43.7966,1.0000,0.0000,2.4634,1.3585
0,1503578954.397,257.0000,1.0000,0.0000,-11.0558,-43.7964,1.0000,-0.0000,2.4636,1.3587
0,1503578954.984,258.0000,1.0000,0.0000,-11.0559,-43.7962,1.0000,-0.0000,2.4637,1.3585
0,1503578955.502,259.0000,1.0000,0.0000,-11.0591,-43.7959,1.0000,-0.0000,2.4638,1.3584
0,1503578955.979,260.0000,1.0000,0.0000,-11.0594,-43.7958,1.0000,-0.0000,2.4638,1.3579
0,1503578956.553,261.0000,1.0000,0.0000,-11.0603,-43.7961,1.0000,0.0000,2.4637,1.3573
0,1503578957.1,262.0000,1.0000,0.0000,-11.0611,-43.7965,1.0000,0.0000,2.4641,1.3582
0,1503578957.631,263.0000,1.0000,0.0000,-11.0621,-43.7967,1.0000,0.0000,2.4643,1.3583
0,1503578958.17,264.0000,1.0000,0.0000,-11.0606,-43.7967,1.0000,0.0000,2.4643,1.3583
0,1503578958.738,265.0000,1.0000,0.0000,-11.0590,-43.7968,1.0000,0.0000,2.4645,1.3584
0,1503578959.257,266.0000,1.0000,0.0000,-11.0570,-43.7969,1.0000,0.0000,2.4646,1.3582
0,1503578959.794,267.0000,1.0000,0.0000,-11.0551,-43.7968,1.0000,0.0000,2.4648,1.3581
0,1503578960.276,268.0000,1.0000,0.0000,-11.0541,-43.7967,1.0000,-0.0000,2.4648,1.3582
0,1503578960.814,269.0000,1.0000,0.0000,-11.0546,-43.7965,1.0000,-0.0000,2.4649,1.3577
0,1503578961.285,270.0000,1.0000,0.0000,-11.0574,-43.7961,1.0000,-0.0000,2.4650,1.3574
0,1503578961.788,271.0000,1.0000,0.0000,-11.0601,-43.7960,1.0000,-0.0000,2.4651,1.3575
0,1503578962.379,272.0000,1.0000,0.0000,-11.0611,-43.7959,1.0000,-0.0000,2.4650,1.3570
0,1503578962.928,273.0000,1.0000,0.0000,-11.0608,-43.7959,1.0000,0.0000,2.4652,1.3570
0,1503578963.42,274.0000,1.0000,0.0000,-11.0608,-43.7959,1.0000,0.0000,2.4653,1.3573
0,1503578963.972,275.0000,1.0000,0.0000,-11.0599,-43.7962,1.0000,0.0000,2.4654,1.3572
0,1503578964.549,276.0000,1.0000,0.0000,-11.0584,-43.7965,1.0000,0.0000,2.4656,1.3570
0,1503578965.11,277.0000,1.0000,0.0000,-11.0643,-43.7965,1.0000,0.0000,2.4657,1.3577
0,1503578965.668,278.0000,1.0000,0.0000,-11.0660,-43.7964,1.0000,-0.0000,2.4653,1.3558
0,1503578966.267,279.0000,1.0000,0.0000,-11.0656,-43.7965,1.0000,0.0000,2.4658,1.3567
0,1503578966.842,280.0000,1.0000,0.0000,-11.0636,-43.7968,1.0000,0.0000,2.4658,1.3566
0,1503578967.453,281.0000,1.0000,0.0000,-11.0618,-43.7971,1.0000,0.0000,2.4660,1.3565
0,1503578968.003,282.0000,1.0000,0.0000,-11.0598,-43.7971,1.0000,0.0000,2.4662,1.3571
0,1503578968.572,283.0000,1.0000,0.0000,-11.0580,-43.7972,1.0000,0.0000,2.4663,1.3569
0,1503578969.099,284.0000,1.0000,0.0000,-11.0574,-43.7971,1.0000,-0.0000,2.4664,1.3571
0,1503578969.658,285.0000,1.0000,0.0000,-11.0586,-43.7967,1.0000,-0.0000,2.4664,1.3567
0,1503578970.247,286.0000,1.0000,0.0000,-11.0571,-43.7966,1.0000,-0.0000,2.4663,1.3561
0,1503578970.765,287.0000,1.0000,0.0000,-11.0559,-43.7965,1.0000,0.0000,2.4664,1.3559
0,1503578971.367,288.0000,1.0000,0.0000,-11.0576,-43.7966,1.0000,0.0000,2.4665,1.3557
0,1503578971.94,289.0000,1.0000,0.0000,-11.0590,-43.7965,1.0000,-0.0000,2.4666,1.3556
0,1503578972.462,290.0000,1.0000,0.0000,-11.0616,-43.7968,1.0000,0.0000,2.4666,1.3556
0,1503578972.965,291.0000,1.0000,0.0000,-11.0640,-43.7971,1.0000,0.0000,2.4666,1.3554
0,1503578973.501,292.0000,1.0000,0.0000,-11.0641,-43.7975,1.0000,0.0000,2.4666,1.3551
0,1503578974.059,293.0000,1.0000,0.0000,-11.0635,-43.7978,1.0000,0.0000,2.4668,1.3554
0,1503578974.602,294.0000,1.0000,0.0000,-11.0644,-43.7979,1.0000,0.0000,2.4669,1.3556
0,1503578975.073,295.0000,1.0000,0.0000,-11.0635,-43.7978,1.0000,0.0000,2.4671,1.3557
0,1503578975.644,296.0000,1.0000,0.0000,-11.0621,-43.7979,1.0000,0.0000,2.4670,1.3546
0,1503578976.148,297.0000,1.0000,0.0000,-11.0611,-43.7981,1.0000,0.0000,2.4672,1.3555
0,1503578976.693,298.0000,1.0000,0.0000,-11.0603,-43.7980,1.0000,-0.0000,2.4673,1.3551
0,1503578977.209,299.0000,1.0000,0.0000,-11.0642,-43.7980,1.0000,0.0000,2.4676,1.3557
0,1503578977.769,300.0000,1.0000,0.0000,-11.0649,-43.7979,1.0000,0.0000,2.4674,1.3547
0,1503578978.251,1.0000,1.0000,0.0000,-11.0650,-43.7977,1.0000,-0.0000,2.4675,1.3550
0,1503578978.843,2.0000,1.0000,0.0000,-11.0640,-43.7977,1.0000,0.0000,2.4676,1.3546
0,1503578979.399,3.0000,1.0000,0.0000,-11.0635,-43.7976,1.0000,-0.0000,2.4678,1.3551
0,1503578979.869,4.0000,1.0000,0.0000,-11.0623,-43.7974,1.0000,-0.0000,2.4678,1.3551
0,1503578980.422,5.0000,1.0000,0.0000,-11.0613,-43.7974,1.0000,0.0000,2.4678,1.3546
0,1503578980.967,6.0000,1.0000,0.0000,-11.0606,-43.7974,1.0000,0.0000,2.4680,1.3549
0,1503578981.475,7.0000,1.0000,0.0000,-11.0604,-43.7973,1.0000,0.0000,2.4680,1.3549
0,1503578982.1,8.0000,1.0000,0.0000,-11.0600,-43.7974,1.0000,0.0000,2.4681,1.3550
0,1503578982.643,9.0000,1.0000,0.0000,-11.0600,-43.7974,1.0000,0.0000,2.4681,1.3546
0,1503578983.168,10.0000,1.0000,0.0000,-11.0604,-43.7973,1.0000,-0.0000,2.4682,1.3546
0,1503578983.767,11.0000,1.0000,0.0000,-11.0606,-43.7973,1.0000,0.0000,2.4683,1.3546
0,1503578984.347,12.0000,1.0000,0.0000,-11.0620,-43.7974,1.0000,0.0000,2.4684,1.3546
0,1503578984.868,13.0000,1.0000,0.0000,-11.0619,-43.7974,1.0000,0.0000,2.4684,1.3544
0,1503578985.393,14.0000,1.0000,0.0000,-11.0618,-43.7975,1.0000,0.0000,2.4685,1.3543
0,1503578986.008,15.0000,1.0000,0.0000,-11.0614,-43.7975,1.0000,-0.0000,2.4686,1.3545
0,1503578986.59,16.0000,1.0000,0.0000,-11.0617,-43.7974,1.0000,-0.0000,2.4687,1.3546
0,1503578987.161,17.0000,1.0000,0.0000,-11.0618,-43.7973,1.0000,-0.0000,2.4688,1.3545
0,1503578987.738,18.0000,1.0000,0.0000,-11.0614,-43.7972,1.0000,0.0000,2.4689,1.3543
0,1503578988.3,19.0000,1.0000,0.0000,-11.0638,-43.7969,1.0000,-0.0000,2.4689,1.3544
0,1503578988.868,20.0000,1.0000,0.0000,-11.0725,-43.7976,1.0000,0.0000,2.4689,1.3539
0,1503578989.383,21.0000,1.0000,0.0000,-11.0740,-43.7977,1.0000,0.0000,2.4687,1.3527
0,1503578989.938,22.0000,1.0000,0.0000,-11.0779,-43.7972,1.0000,-0.0000,2.4687,1.3528
0,1503578990.469,23.0000,1.0000,0.0000,-11.0782,-43.7970,1.0000,-0.0000,2.4691,1.3539
0,1503578991.033,24.0000,1.0000,0.0000,-11.0754,-43.7972,1.0000,0.0000,2.4691,1.3535
0,1503578991.555,25.0000,1.0000,0.0000,-11.0728,-43.7978,1.0000,0.0000,2.4693,1.3542
0,1503578992.102,26.0000,1.0000,0.0000,-11.0687,-43.7981,1.0000,0.0000,2.4694,1.3546
0,1503578992.623,27.0000,1.0000,0.0000,-11.0651,-43.7982,1.0000,0.0000,2.4694,1.3542
0,1503578993.158,28.0000,1.0000,0.0000,-11.0618,-43.7982,1.0000,0.0000,2.4695,1.3543
0,1503578993.687,29.0000,1.0000,0.0000,-11.0593,-43.7983,1.0000,0.0000,2.4693,1.3534
0,1503578994.215,30.0000,1.0000,0.0000,-11.0578,-43.7982,1.0000,0.0000,2.4695,1.3538
0,1503578994.707,31.0000,1.0000,0.0000,-11.0599,-43.7984,1.0000,0.0000,2.4695,1.3534
0,1503578995.208,32.0000,1.0000,0.0000,-11.0630,-43.7984,1.0000,0.0000,2.4695,1.3527
0,1503578995.719,33.0000,1.0000,0.0000,-11.0649,-43.7982,1.0000,-0.0000,2.4694,1.3519
0,1503578996.297,34.0000,1.0000,0.0000,-11.0662,-43.7980,1.0000,-0.0000,2.4697,1.3530
0,1503578996.829,35.0000,1.0000,0.0000,-11.0705,-43.7980,1.0000,0.0000,2.4698,1.3529
0,1503578997.441,36.0000,1.0000,0.0000,-11.0713,-43.7980,1.0000,0.0000,2.4697,1.3525
0,1503578998.01,37.0000,1.0000,0.0000,-11.0694,-43.7981,1.0000,0.0000,2.4698,1.3527
0,1503578998.527,38.0000,1.0000,0.0000,-11.0670,-43.7983,1.0000,0.0000,2.4700,1.3531
0,1503578999.045,39.0000,1.0000,0.0000,-11.0655,-43.7984,1.0000,0.0000,2.4700,1.3526
0,1503578999.573,40.0000,1.0000,0.0000,-11.0646,-43.7985,1.0000,0.0000,2.4701,1.3527
0,1503579000.056,41.0000,1.0000,0.0000,-11.0639,-43.7985,1.0000,0.0000,2.4701,1.3529
0,1503579000.638,42.0000,1.0000,0.0000,-11.0632,-43.7985,1.0000,0.0000,2.4701,1.3526
0,1503579001.289,43.0000,1.0000,0.0000,-11.0635,-43.7984,1.0000,-0.0000,2.4703,1.3528
